"","name"
"1",1856900
"2",1995570
"3",1675509
"4",1179299
"5",1397815
"6",1980943
"7",1836931
"8",1852885
"9",1405336
"10",1803923
"11",2237474
"12",2144644
"13",1681120
"14",1592834
"15",1837085
"16",708532
"17",1530521
"18",1409107
"19",1743435
"20",1660595
"21",1744487
"22",1839383
"23",564048
"24",1840101
"25",1409122
"26",1839720
"27",1803313
"28",2183819
"29",1976777
"30",1839764
"31",1410714
"32",1568526
"33",1839791
"34",2142183
"35",1368881
"36",1839951
"37",1383560
"38",1975673
"39",1721558
"40",1282806
"41",1840066
"42",459705
"43",1409181
"44",1594720
"45",1746385
"46",1406273
"47",1840153
"48",1840188
"49",1278649
"50",1840253
"51",1408621
"52",1745949
"53",542612
"54",1840837
"55",171166
"56",1840323
"57",1818324
"58",1840340
"59",1621079
"60",1840369
"61",870685
"62",1718492
"63",1647763
"64",1358976
"65",1339753
"66",1676620
"67",1027959
"68",1368030
"69",1546352
"70",1589082
"71",1368008
"72",1356912
"73",1473394
"74",1800092
"75",1357867
"76",1136703
"77",1793820
"78",1633478
"79",992318
"80",1448388
"81",2142195
"82",1840889
"83",1420398
"84",1840900
"85",1594186
"86",1840934
"87",1841016
"88",1841053
"89",1841071
"90",1841078
"91",1395692
"92",1841095
"93",1841128
"94",1568903
"95",1841185
"96",1841192
"97",1976514
"98",1841952
"99",1593671
"100",1841991
"101",1398407
"102",1842004
"103",1842011
"104",1842034
"105",1842049
"106",1842331
"107",1842463
"108",1411919
"109",1419586
"110",1277150
"111",1544834
"112",1842837
"113",1842721
"114",1806237
"115",1416066
"116",1842892
"117",1952590
"118",1989493
"119",1625586
"120",1952617
"121",1952642
"122",1952651
"123",1631578
"124",1050377
"125",1708880
"126",1843242
"127",1995624
"128",1843289
"129",2008501
"130",1952670
"131",1840524
"132",1648958
"133",1394755
"134",1840551
"135",1632536
"136",1804029
"137",2141692
"138",2141697
"139",1843421
"140",2141821
"141",1843516
"142",1621126
"143",1843603
"144",1843638
"145",1843659
"146",1850382
"147",1843721
"148",1583499
"149",1843771
"150",1843800
"151",1843845
"152",1308387
"153",1594456
"154",1843938
"155",1843881
"156",1843894
"157",1843901
"158",1843925
"159",1748515
"160",1762991
"161",1762999
"162",1770695
"163",1844033
"164",1841508
"165",1844074
"166",1204752
"167",1844121
"168",1979709
"169",1844135
"170",1114055
"171",1113608
"172",1404400
"173",1583324
"174",1204576
"175",1583795
"176",1614229
"177",1617535
"178",1844259
"179",1844297
"180",1946124
"181",992355
"182",992344
"183",1028750
"184",1584011
"185",1844371
"186",1849438
"187",1460910
"188",940016
"189",1298402
"190",1630897
"191",1455507
"192",1844467
"193",1461417
"194",1844480
"195",1634043
"196",1844524
"197",1809524
"198",1792497
"199",1844557
"200",1844570
"201",1455464
"202",1844513
"203",1844596
"204",1844629
"205",1844635
"206",1843025
"207",1844655
"208",1628605
"209",1628716
"210",1397762
"211",1844692
"212",1844723
"213",1840489
"214",1844758
"215",1630892
"216",939698
"217",1630857
"218",1461015
"219",1844870
"220",1345883
"221",1844890
"222",1399726
"223",1647016
"224",1844915
"225",1399532
"226",1934327
"227",1690770
"228",555503
"229",555130
"230",1856065
"231",1647206
"232",1848205
"233",1741040
"234",1405261
"235",1851029
"236",1404341
"237",1976800
"238",1549338
"239",1603943
"240",1851169
"241",1594643
"242",2156938
"243",1416695
"244",1851228
"245",1836036
"246",1568912
"247",1568924
"248",502616
"249",1851280
"250",1593058
"251",1851309
"252",1409196
"253",1203965
"254",1763010
"255",1594570
"256",1657254
"257",1594523
"258",1551660
"259",1844176
"260",1594382
"261",1404314
"262",1568469
"263",1593894
"264",1404405
"265",1970923
"266",1851700
"267",1595786
"268",593488
"269",1934793
"270",1851832
"271",1584240
"272",1851841
"273",1851852
"274",1851859
"275",1273303
"276",1852340
"277",1852347
"278",1652042
"279",1391745
"280",1852382
"281",2141674
"282",1852410
"283",1339663
"284",1339712
"285",1372508
"286",1339705
"287",1352396
"288",1852506
"289",1852544
"290",1852553
"291",1769545
"292",1852575
"293",1852588
"294",1853643
"295",1583738
"296",1852634
"297",1852659
"298",1372518
"299",1593111
"300",1852750
"301",1852757
"302",1852518
"303",1852871
"304",1547886
"305",1585890
"306",1837104
"307",1568555
"308",1770472
"309",1606096
"310",1853099
"311",1853289
"312",1276831
"313",557195
"314",556399
"315",1853151
"316",1853167
"317",1924411
"318",1853212
"319",1853244
"320",1853461
"321",1484840
"322",1853803
"323",1853556
"324",1854209
"325",1444493
"326",804282
"327",1585310
"328",608926
"329",1688455
"330",1404388
"331",1381916
"332",2141970
"333",1853759
"334",1416309
"335",1416162
"336",1501820
"337",568273
"338",1853912
"339",1501849
"340",573635
"341",1983555
"342",1833784
"343",1854005
"344",1854031
"345",1854042
"346",1568781
"347",1803983
"348",1854162
"349",2141679
"350",1372528
"351",1854202
"352",1854225
"353",1854232
"354",1854238
"355",1416278
"356",1306699
"357",1681219
"358",1854297
"359",1545686
"360",1854320
"361",1646067
"362",518390
"363",1782262
"364",1855222
"365",1855239
"366",1568571
"367",1381926
"368",1999943
"369",1568623
"370",1663484
"371",1593030
"372",1855431
"373",1705944
"374",1852911
"375",1742908
"376",521359
"377",844338
"378",1856829
"379",2141686
"380",1857406
"381",1638906
"382",1395717
"383",1638931
"384",1855718
"385",2172047
"386",1650226
"387",1855765
"388",1381937
"389",1305955
"390",1568596
"391",1568802
"392",1782275
"393",1546380
"394",520593
"395",1441872
"396",137882
"397",1856186
"398",1833773
"399",1856211
"400",1856224
"401",1545678
"402",1651668
"403",1586199
"404",1982759
"405",1665189
"406",1983689
"407",1856367
"408",1585542
"409",1568544
"410",1856384
"411",1585394
"412",1856418
"413",1856432
"414",1856439
"415",1416450
"416",1782846
"417",1782822
"418",914153
"419",1847446
"420",2242572
"421",1742992
"422",1995221
"423",1548201
"424",1050419
"425",1856643
"426",1662365
"427",1856655
"428",1570739
"429",1592648
"430",1570729
"431",1547950
"432",1681253
"433",1703574
"434",1626871
"435",1852084
"436",1592906
"437",1662183
"438",1856791
"439",1856854
"440",1856863
"441",1650251
"442",1950726
"443",1649555
"444",1856944
"445",1277115
"446",587962
"447",587391
"448",1395664
"449",1857042
"450",1857051
"451",1549684
"452",1857070
"453",1857093
"454",1951464
"455",1995250
"456",1857272
"457",1484878
"458",1547023
"459",945427
"460",944377
"461",1857292
"462",1857309
"463",1662448
"464",1857334
"465",1662404
"466",1857356
"467",1803613
"468",609098
"469",1857438
"470",1857450
"471",1857727
"472",1857741
"473",1416476
"474",1833227
"475",1914429
"476",942233
"477",942028
"478",942898
"479",1646429
"480",1914488
"481",1486810
"482",2144639
"483",1914516
"484",1914545
"485",1568812
"486",1914557
"487",1914564
"488",1914583
"489",1914612
"490",1570711
"491",1914641
"492",1950823
"493",1916010
"494",1662465
"495",1914664
"496",1545615
"497",1914711
"498",1783830
"499",1179702
"500",1416546
"501",1951444
"502",1502044
"503",1914834
"504",2237460
"505",1995586
"506",1915013
"507",1584762
"508",1559953
"509",1950906
"510",1915226
"511",1915295
"512",1915364
"513",1915371
"514",1915378
"515",943145
"516",1348569
"517",943540
"518",1646869
"519",1915418
"520",1952460
"521",1915450
"522",1915471
"523",1916462
"524",1915494
"525",557877
"526",1628861
"527",1915807
"528",1783866
"529",1661189
"530",1974202
"531",1655856
"532",1834913
"533",1586533
"534",1586381
"535",1834904
"536",1586429
"537",1568395
"538",1915976
"539",1545668
"540",1916028
"541",1548290
"542",1916360
"543",1587020
"544",1586923
"545",1916409
"546",520755
"547",557403
"548",1626922
"549",1916542
"550",1485154
"551",1916580
"552",1626756
"553",1677618
"554",1784092
"555",2141702
"556",1545339
"557",1799062
"558",1560009
"559",1404358
"560",1917570
"561",1951064
"562",1917588
"563",1918014
"564",1917652
"565",1584716
"566",1917681
"567",1626626
"568",1548268
"569",1916554
"570",1981189
"571",1662415
"572",1984541
"573",1975134
"574",1485984
"575",1917861
"576",992446
"577",1995697
"578",1570773
"579",1917884
"580",1917900
"581",1137108
"582",1687223
"583",1777429
"584",2237620
"585",1649437
"586",518599
"587",1595638
"588",1486784
"589",1918047
"590",979707
"591",1972475
"592",1363832
"593",1179725
"594",1918596
"595",1918220
"596",1966012
"597",1918135
"598",1587188
"599",1918282
"600",1630022
"601",1380843
"602",556693
"603",1348077
"604",1984590
"605",1918413
"606",1396714
"607",1626472
"608",1918439
"609",1836877
"610",1918468
"611",1918478
"612",1918487
"613",1918504
"614",1627068
"615",568702
"616",1918618
"617",568710
"618",1918627
"619",1918638
"620",1454540
"621",1918654
"622",1488331
"623",1918673
"624",1919746
"625",1792754
"626",1918732
"627",1920138
"628",1918754
"629",607961
"630",2142138
"631",2237488
"632",1918820
"633",1238488
"634",1630186
"635",1592405
"636",1918953
"637",1918978
"638",1919001
"639",1626051
"640",1966809
"641",1627358
"642",1919068
"643",1919324
"644",1919182
"645",1626309
"646",1919206
"647",1919213
"648",1919227
"649",1486748
"650",1919255
"651",1626686
"652",1919302
"653",1919294
"654",1626582
"655",1626402
"656",2141707
"657",1919571
"658",1967254
"659",944941
"660",1919641
"661",1833929
"662",1501795
"663",1723571
"664",1723583
"665",1587509
"666",1919950
"667",1559695
"668",1919982
"669",1504488
"670",1632358
"671",1416559
"672",1920863
"673",1920008
"674",1545603
"675",1920083
"676",608173
"677",1137595
"678",1727000
"679",1920166
"680",1917024
"681",1976831
"682",1366261
"683",1920782
"684",1966236
"685",1920301
"686",1027911
"687",1920338
"688",1920355
"689",1395731
"690",1420612
"691",1920368
"692",1920390
"693",593849
"694",1731962
"695",1502686
"696",1545643
"697",1920424
"698",1559897
"699",1944498
"700",1632319
"701",2141714
"702",1920508
"703",1920537
"704",1398775
"705",1756206
"706",1629097
"707",1463843
"708",941766
"709",1485960
"710",1416299
"711",1920810
"712",1920856
"713",1920877
"714",519721
"715",555435
"716",1647156
"717",1647148
"718",1924565
"719",1647048
"720",1924703
"721",1647635
"722",2141719
"723",1924728
"724",1416399
"725",1925196
"726",1834069
"727",1996731
"728",1559905
"729",1925292
"730",1701343
"731",1926946
"732",1601839
"733",1926977
"734",1927049
"735",1927081
"736",1545455
"737",1545578
"738",1587898
"739",1032061
"740",1927121
"741",1927142
"742",1631975
"743",1631773
"744",1545549
"745",1671576
"746",1793579
"747",2144751
"748",1504346
"749",1998024
"750",1928239
"751",1928264
"752",1951760
"753",1928431
"754",1931494
"755",1931618
"756",2144710
"757",1646780
"758",1931676
"759",1647512
"760",2145964
"761",1782523
"762",1570700
"763",1847342
"764",1932146
"765",2144612
"766",1934302
"767",1934311
"768",1934339
"769",1649265
"770",1563606
"771",1835338
"772",1486065
"773",1629909
"774",1932111
"775",520167
"776",2141996
"777",1934475
"778",1988393
"779",1953883
"780",1937532
"781",1937576
"782",1545004
"783",1504375
"784",2144773
"785",1937630
"786",1420530
"787",1937654
"788",1937667
"789",1951275
"790",1990097
"791",1990405
"792",1990477
"793",1937742
"794",1231018
"795",1937760
"796",1937777
"797",1937797
"798",1380835
"799",1381896
"800",1953807
"801",1953536
"802",1937858
"803",1937873
"804",1826526
"805",1953838
"806",1633288
"807",1646847
"808",1348581
"809",1356793
"810",1937920
"811",1835290
"812",1420496
"813",2144703
"814",1835311
"815",1588012
"816",1937969
"817",1470678
"818",1632050
"819",1937990
"820",600071
"821",2141784
"822",2141976
"823",1835211
"824",1938105
"825",1029097
"826",1397746
"827",1938115
"828",1977187
"829",1648599
"830",1938216
"831",1938691
"832",1987598
"833",1786889
"834",2237594
"835",1728870
"836",1685451
"837",1932255
"838",1980283
"839",1938324
"840",1567204
"841",1980333
"842",2141794
"843",1938402
"844",1484986
"845",1953790
"846",1986009
"847",1938429
"848",1803068
"849",1633963
"850",2412615
"851",1455427
"852",1670599
"853",2142091
"854",2141801
"855",1380855
"856",1938630
"857",992383
"858",992374
"859",1945555
"860",1938651
"861",1544994
"862",1786901
"863",575787
"864",1420539
"865",1416207
"866",1501871
"867",1416198
"868",1416180
"869",1938730
"870",2141806
"871",1420440
"872",1945775
"873",1938791
"874",1938805
"875",1938830
"876",1463866
"877",1464822
"878",1938856
"879",1420472
"880",1420510
"881",1835036
"882",1938905
"883",1567142
"884",1938915
"885",1938936
"886",1545362
"887",1983218
"888",1952051
"889",1050298
"890",1784327
"891",1939120
"892",1939144
"893",1848152
"894",1315028
"895",1939182
"896",1654460
"897",1441731
"898",2141811
"899",1940141
"900",1033010
"901",1378941
"902",1838159
"903",1403353
"904",1940174
"905",1838139
"906",1951842
"907",1654721
"908",1966494
"909",1946632
"910",1057387
"911",518764
"912",1651359
"913",1648349
"914",1635512
"915",1636753
"916",1995852
"917",2147577
"918",1940669
"919",1583124
"920",1940678
"921",939008
"922",1460810
"923",1630844
"924",1946518
"925",1968173
"926",915979
"927",1028407
"928",1524397
"929",1530414
"930",2141991
"931",2148397
"932",1051929
"933",1940900
"934",1946941
"935",2237607
"936",1648444
"937",2148306
"938",1420457
"939",1940988
"940",1651142
"941",1630931
"942",1590497
"943",1380795
"944",1636835
"945",1590675
"946",1941047
"947",1947305
"948",1457128
"949",1941112
"950",2237579
"951",1941139
"952",2144527
"953",1635096
"954",1345907
"955",579865
"956",1941232
"957",1941240
"958",1941267
"959",1574394
"960",1947175
"961",1941130
"962",1669206
"963",1941491
"964",1621549
"965",1504587
"966",1941551
"967",1941525
"968",1590846
"969",1590872
"970",2144742
"971",1941622
"972",1391139
"973",1941636
"974",2141981
"975",1947734
"976",2141986
"977",1616478
"978",1419083
"979",1403298
"980",1941698
"981",1617475
"982",1530471
"983",1632624
"984",1636793
"985",1400469
"986",1992455
"987",1630704
"988",1948530
"989",1380817
"990",2141830
"991",992125
"992",1942065
"993",1028389
"994",1028395
"995",1367992
"996",992139
"997",1051922
"998",1328001
"999",1992981
"1000",1830716
"1001",1948145
"1002",1992313
"1003",1941807
"1004",2144532
"1005",1669245
"1006",1941826
"1007",1669233
"1008",1941841
"1009",1795850
"1010",1477335
"1011",1576108
"1012",1381871
"1013",1381884
"1014",1435458
"1015",1743305
"1016",1420356
"1017",1743238
"1018",1380884
"1019",1948546
"1020",1941947
"1021",1427985
"1022",1414384
"1023",1028401
"1024",1051916
"1025",1420342
"1026",2141839
"1027",1392132
"1028",1302317
"1029",1396899
"1030",1942104
"1031",1646634
"1032",1591278
"1033",580213
"1034",2237517
"1035",1632461
"1036",1597400
"1037",2237544
"1038",1948575
"1039",1811761
"1040",1570785
"1041",1975041
"1042",1948773
"1043",1653030
"1044",1942316
"1045",1279612
"1046",1825661
"1047",2144537
"1048",1691866
"1049",1985800
"1050",1943251
"1051",1591915
"1052",1415385
"1053",992096
"1054",2141871
"1055",2141863
"1056",1823451
"1057",1933585
"1058",1934084
"1059",1992886
"1060",1943358
"1061",1393960
"1062",1380806
"1063",1403114
"1064",1934032
"1065",1400458
"1066",992309
"1067",1576091
"1068",1632556
"1069",1994162
"1070",1569080
"1071",1686008
"1072",1943425
"1073",1027917
"1074",1368025
"1075",1943457
"1076",1631103
"1077",1626554
"1078",1943469
"1079",1408570
"1080",1695759
"1081",582306
"1082",1943492
"1083",1423327
"1084",1949271
"1085",2010812
"1086",1648970
"1087",1626701
"1088",1943529
"1089",1646462
"1090",1626672
"1091",1943545
"1092",1450345
"1093",1626318
"1094",1943563
"1095",1474339
"1096",1622250
"1097",1392216
"1098",1622259
"1099",1392222
"1100",1631093
"1101",1943610
"1102",1622116
"1103",1784341
"1104",1949384
"1105",1944083
"1106",2149515
"1107",1474367
"1108",1631033
"1109",1993765
"1110",1570821
"1111",1632956
"1112",1692299
"1113",1649321
"1114",1632917
"1115",1570834
"1116",1653319
"1117",1633270
"1118",1649133
"1119",1569102
"1120",1622103
"1121",1671417
"1122",1649186
"1123",1944286
"1124",1671394
"1125",1671363
"1126",1994709
"1127",1944322
"1128",1569020
"1129",1735053
"1130",1671428
"1131",1485123
"1132",1633987
"1133",1987466
"1134",519936
"1135",1944514
"1136",1977338
"1137",1545266
"1138",1501887
"1139",1949681
"1140",1944619
"1141",1646725
"1142",1944652
"1143",1544863
"1144",1368417
"1145",1938169
"1146",1953820
"1147",2112212
"1148",1381112
"1149",1945618
"1150",1632012
"1151",1980296
"1152",1690176
"1153",1917392
"1154",1816775
"1155",1420523
"1156",1629188
"1157",1945071
"1158",1989825
"1159",1945107
"1160",1567278
"1161",1991204
"1162",1945156
"1163",1607477
"1164",1991248
"1165",1945218
"1166",1819927
"1167",1978565
"1168",575319
"1169",1382022
"1170",1382011
"1171",1946040
"1172",992419
"1173",1967299
"1174",1463859
"1175",1945419
"1176",1945437
"1177",1810572
"1178",1654526
"1179",2144462
"1180",1945470
"1181",1945483
"1182",1654696
"1183",1945529
"1184",1762815
"1185",1381121
"1186",1945780
"1187",1314620
"1188",992337
"1189",1728847
"1190",1368019
"1191",1966439
"1192",1564364
"1193",992429
"1194",1946090
"1195",1645973
"1196",2237504
"1197",1946208
"1198",1946217
"1199",826263
"1200",2237633
"1201",1946341
"1202",1381952
"1203",1764323
"1204",1946386
"1205",1838129
"1206",1946466
"1207",1837957
"1208",575853
"1209",1946529
"1210",1625884
"1211",1915109
"1212",1393903
"1213",1617669
"1214",1583047
"1215",1630368
"1216",1915065
"1217",2141816
"1218",1028383
"1219",1946906
"1220",1946914
"1221",575119
"1222",579543
"1223",1628857
"1224",1403308
"1225",1465269
"1226",1504562
"1227",1507391
"1228",1947056
"1229",1947073
"1230",1635500
"1231",1403059
"1232",1574558
"1233",1403019
"1234",1650965
"1235",1403034
"1236",2237530
"1237",1623477
"1238",1623583
"1239",1947448
"1240",1574536
"1241",1650996
"1242",1650954
"1243",1947619
"1244",1486628
"1245",1947652
"1246",1623277
"1247",1393334
"1248",1393309
"1249",1940065
"1250",1947796
"1251",1948163
"1252",1646655
"1253",1486416
"1254",1569036
"1255",1591667
"1256",1948259
"1257",1671510
"1258",1934094
"1259",1569151
"1260",1392036
"1261",1967714
"1262",1597410
"1263",1860345
"1264",1948700
"1265",1948715
"1266",1948738
"1267",1576508
"1268",1568990
"1269",2149760
"1270",1949256
"1271",1576129
"1272",1569091
"1273",1949305
"1274",1275010
"1275",1625257
"1276",1486647
"1277",1622274
"1278",1956955
"1279",1949453
"1280",1786686
"1281",1852654
"1282",1028364
"1283",1934922
"1284",1979704
"1285",1799604
"1286",1626831
"1287",568290
"1288",1368040
"1289",1626193
"1290",1569029
"1291",1686144
"1292",1632599
"1293",1949983
"1294",306267
"1295",1694422
"1296",1654367
"1297",1950007
"1298",1605372
"1299",1933235
"1300",1421700
"1301",1671212
"1302",1631067
"1303",1950749
"1304",1950763
"1305",1822223
"1306",1978119
"1307",1649386
"1308",1950842
"1309",1585802
"1310",1950884
"1311",1586770
"1312",1817201
"1313",1951026
"1314",1982182
"1315",1566972
"1316",1545016
"1317",1416569
"1318",1991159
"1319",1585014
"1320",888787
"1321",1546397
"1322",1585474
"1323",1050989
"1324",1585339
"1325",1504548
"1326",1545285
"1327",1721097
"1328",1545294
"1329",1230301
"1330",1632171
"1331",1567266
"1332",1587938
"1333",1951961
"1334",1952428
"1335",1952439
"1336",1645907
"1337",1645931
"1338",1633938
"1339",1633890
"1340",1485047
"1341",1649045
"1342",1649126
"1343",1648927
"1344",1634106
"1345",1595117
"1346",1953831
"1347",1953853
"1348",1377410
"1349",1504505
"1350",1954202
"1351",1570796
"1352",1954273
"1353",1027978
"1354",1453826
"1355",1743506
"1356",1686030
"1357",1821645
"1358",1821629
"1359",1959477
"1360",1403075
"1361",1952077
"1362",1403084
"1363",1934020
"1364",1809511
"1365",1567156
"1366",1632110
"1367",1590954
"1368",1400474
"1369",1992051
"1370",1435436
"1371",1632525
"1372",1576621
"1373",1964327
"1374",1649621
"1375",1623227
"1376",1504572
"1377",1964350
"1378",1504638
"1379",1574549
"1380",1403316
"1381",1504601
"1382",1964590
"1383",1456159
"1384",1964663
"1385",1964677
"1386",1964695
"1387",1623389
"1388",1964706
"1389",1632286
"1390",1964723
"1391",1820335
"1392",1964768
"1393",1395614
"1394",1515109
"1395",1399974
"1396",1671477
"1397",1964800
"1398",1620045
"1399",1964837
"1400",1677402
"1401",1630751
"1402",1671653
"1403",1435271
"1404",1964924
"1405",1626947
"1406",1964937
"1407",1924260
"1408",1964972
"1409",1965004
"1410",1590216
"1411",1965919
"1412",1621894
"1413",1965161
"1414",1965177
"1415",2141745
"1416",1965205
"1417",1965213
"1418",1965220
"1419",1947377
"1420",1965248
"1421",1965552
"1422",1443798
"1423",1965572
"1424",1965586
"1425",1633323
"1426",1965782
"1427",1965805
"1428",1433052
"1429",1965933
"1430",1626083
"1431",1965966
"1432",1673505
"1433",1587735
"1434",1966060
"1435",1622375
"1436",1966078
"1437",1966096
"1438",1821534
"1439",1622232
"1440",1966139
"1441",1627561
"1442",1966171
"1443",1279584
"1444",583190
"1445",1966221
"1446",1669116
"1447",1966253
"1448",1966276
"1449",1966290
"1450",1590815
"1451",1966308
"1452",1549657
"1453",1966331
"1454",1966354
"1455",1966361
"1456",1966400
"1457",1966419
"1458",1966446
"1459",1567283
"1460",1966544
"1461",1396918
"1462",1646441
"1463",1591321
"1464",1966586
"1465",1590351
"1466",1966619
"1467",578783
"1468",1621972
"1469",1943617
"1470",1486527
"1471",1663923
"1472",1920235
"1473",2235162
"1474",1626558
"1475",1628235
"1476",1592240
"1477",1966848
"1478",1966833
"1479",1403336
"1480",1972070
"1481",1972063
"1482",1574345
"1483",909450
"1484",992438
"1485",1416342
"1486",1918193
"1487",1967064
"1488",1967073
"1489",1967129
"1490",1967140
"1491",1622288
"1492",1967183
"1493",1392152
"1494",1967194
"1495",1444039
"1496",1967263
"1497",1967344
"1498",1462261
"1499",1695782
"1500",1695768
"1501",1967381
"1502",1633300
"1503",1967442
"1504",1575990
"1505",1967458
"1506",1967604
"1507",1597423
"1508",1967625
"1509",1646603
"1510",1967802
"1511",2160233
"1512",1967827
"1513",2160123
"1514",1968609
"1515",1502646
"1516",1502079
"1517",1345915
"1518",1630952
"1519",1627104
"1520",1649676
"1521",1968217
"1522",1968453
"1523",1968487
"1524",1968549
"1525",1686843
"1526",1968633
"1527",1027864
"1528",1969009
"1529",1969040
"1530",1969925
"1531",1649152
"1532",1970735
"1533",1576044
"1534",1570814
"1535",1734210
"1536",1734307
"1537",1734296
"1538",1734348
"1539",1059857
"1540",1635545
"1541",1972050
"1542",1654738
"1543",1852121
"1544",1972114
"1545",1632941
"1546",1570863
"1547",1392050
"1548",1670630
"1549",1972235
"1550",1972256
"1551",1972270
"1552",1742177
"1553",992365
"1554",1504468
"1555",1972393
"1556",1589904
"1557",1670429
"1558",1973397
"1559",1972535
"1560",1972564
"1561",1392209
"1562",2234784
"1563",1972591
"1564",1685248
"1565",1972693
"1566",1414358
"1567",1628777
"1568",2149787
"1569",1617457
"1570",1421687
"1571",1972880
"1572",1972889
"1573",1592006
"1574",1631685
"1575",1972979
"1576",1932123
"1577",1436321
"1578",1972998
"1579",1647303
"1580",1973107
"1581",1621596
"1582",1934151
"1583",1973127
"1584",1973136
"1585",1973173
"1586",1564350
"1587",1381098
"1588",1684429
"1589",1835023
"1590",1973229
"1591",1394518
"1592",1973245
"1593",1945932
"1594",1989451
"1595",1392754
"1596",1576014
"1597",1973430
"1598",1973446
"1599",1574322
"1600",1574330
"1601",1618144
"1602",1591064
"1603",1590910
"1604",1945385
"1605",1634022
"1606",1973646
"1607",1051076
"1608",1589925
"1609",1974105
"1610",1860450
"1611",1973736
"1612",1985739
"1613",1973759
"1614",1974096
"1615",1507453
"1616",1974125
"1617",1546428
"1618",1974189
"1619",1584845
"1620",1559917
"1621",1974566
"1622",1820053
"1623",1974610
"1624",1974617
"1625",1974637
"1626",1974648
"1627",1403325
"1628",1974663
"1629",1978061
"1630",1974691
"1631",1974706
"1632",1504628
"1633",1974736
"1634",1974746
"1635",1974762
"1636",1974769
"1637",1597391
"1638",1576459
"1639",1576450
"1640",1974817
"1641",1569142
"1642",1632379
"1643",1667898
"1644",1743328
"1645",1570845
"1646",1622860
"1647",1974986
"1648",1651078
"1649",1651090
"1650",1975004
"1651",1621822
"1652",1975013
"1653",1669121
"1654",1620444
"1655",1649230
"1656",1984826
"1657",2002403
"1658",1626709
"1659",1975177
"1660",1661279
"1661",1569125
"1662",1392730
"1663",1975263
"1664",1975270
"1665",1400441
"1666",1591008
"1667",1590972
"1668",1975310
"1669",1590476
"1670",1408956
"1671",1975446
"1672",1852781
"1673",1975504
"1674",1732571
"1675",1779447
"1676",1975519
"1677",1672954
"1678",1975535
"1679",1975545
"1680",1934999
"1681",1844094
"1682",1655183
"1683",1410921
"1684",960268
"1685",1975691
"1686",1657858
"1687",1322371
"1688",1975804
"1689",1715298
"1690",1975824
"1691",1975830
"1692",1398380
"1693",2050429
"1694",1975916
"1695",1294978
"1696",1594110
"1697",1406310
"1698",1669887
"1699",273055
"1700",1593200
"1701",1843510
"1702",1976140
"1703",1976162
"1704",1719443
"1705",1719433
"1706",1374103
"1707",1976278
"1708",1976300
"1709",1976355
"1710",1850945
"1711",1976525
"1712",1976545
"1713",1976569
"1714",1654320
"1715",1976611
"1716",1710101
"1717",1976626
"1718",1976621
"1719",2012939
"1720",1976718
"1721",1453924
"1722",1976756
"1723",1583644
"1724",1661173
"1725",1703492
"1726",1416244
"1727",1976882
"1728",1502254
"1729",1976954
"1730",1486072
"1731",1628748
"1732",1977223
"1733",1646257
"1734",1977258
"1735",1377380
"1736",1983920
"1737",1486688
"1738",1977301
"1739",1576118
"1740",1994569
"1741",1733848
"1742",1504478
"1743",1586690
"1744",1833705
"1745",1977417
"1746",1833749
"1747",1977449
"1748",1977459
"1749",1977468
"1750",1856260
"1751",1669421
"1752",1977484
"1753",1665084
"1754",1833761
"1755",1977541
"1756",1685512
"1757",1977552
"1758",1977564
"1759",1977596
"1760",1977603
"1761",1977627
"1762",1977644
"1763",1815658
"1764",1977651
"1765",1977667
"1766",1977676
"1767",1632546
"1768",1584331
"1769",1977717
"1770",2000584
"1771",1621708
"1772",1651066
"1773",1977788
"1774",1977828
"1775",1977844
"1776",1631037
"1777",1977947
"1778",1951626
"1779",1977980
"1780",1441527
"1781",1978050
"1782",1635144
"1783",1978099
"1784",1693686
"1785",1978135
"1786",1693663
"1787",1978190
"1788",1662503
"1789",1651816
"1790",1670927
"1791",1029530
"1792",1978332
"1793",1484968
"1794",1978391
"1795",2149288
"1796",1978452
"1797",1743295
"1798",1978469
"1799",1978476
"1800",1591797
"1801",1978512
"1802",1588107
"1803",2141953
"1804",1819905
"1805",1978599
"1806",1978613
"1807",1978634
"1808",1978649
"1809",1774232
"1810",1464491
"1811",1443976
"1812",1633864
"1813",1980258
"1814",1634037
"1815",1605349
"1816",1980361
"1817",1980382
"1818",1626208
"1819",1981017
"1820",1981249
"1821",1981275
"1822",1981304
"1823",1385536
"1824",1981748
"1825",1385530
"1826",1981762
"1827",1623150
"1828",1278748
"1829",2002212
"1830",1621880
"1831",1568562
"1832",1982391
"1833",1548257
"1834",1822248
"1835",1982383
"1836",1635603
"1837",1982447
"1838",1982442
"1839",1626691
"1840",1982518
"1841",1982660
"1842",1982776
"1843",1729609
"1844",1982842
"1845",1648685
"1846",1982882
"1847",1982889
"1848",1633569
"1849",1982923
"1850",1364762
"1851",1982969
"1852",1646504
"1853",1982979
"1854",1982986
"1855",1982993
"1856",1632121
"1857",2028064
"1858",1983036
"1859",1661296
"1860",1983045
"1861",1983059
"1862",1983073
"1863",1983083
"1864",1772641
"1865",1545589
"1866",1983465
"1867",1833730
"1868",1627911
"1869",1983664
"1870",1983657
"1871",1833680
"1872",1833693
"1873",1852112
"1874",1592945
"1875",1983582
"1876",1977434
"1877",1983813
"1878",1238904
"1879",1651723
"1880",1586605
"1881",1548310
"1882",1984202
"1883",1649643
"1884",1982474
"1885",1982576
"1886",1662424
"1887",1984580
"1888",1981074
"1889",1625868
"1890",1980926
"1891",1980967
"1892",1980914
"1893",1984765
"1894",1621978
"1895",1570759
"1896",1622221
"1897",1982053
"1898",1984941
"1899",1984948
"1900",1985093
"1901",1357352
"1902",1568821
"1903",1547921
"1904",1853271
"1905",1985305
"1906",1980990
"1907",1622045
"1908",1980902
"1909",1981086
"1910",1622418
"1911",1984306
"1912",1984461
"1913",1982489
"1914",2000687
"1915",1985695
"1916",1675528
"1917",1985712
"1918",1985772
"1919",1651211
"1920",1653120
"1921",1993573
"1922",1985859
"1923",1985866
"1924",1985873
"1925",1420504
"1926",1986046
"1927",1920498
"1928",1418943
"1929",1995167
"1930",1661238
"1931",1396739
"1932",1396762
"1933",992455
"1934",1339741
"1935",1646592
"1936",1395670
"1937",1409943
"1938",1711652
"1939",1409090
"1940",1986568
"1941",1986619
"1942",1457288
"1943",1719095
"1944",1986737
"1945",1986749
"1946",1405464
"1947",1986770
"1948",1204373
"1949",592728
"1950",1986881
"1951",1986946
"1952",1671047
"1953",1630874
"1954",1987127
"1955",1626932
"1956",1984226
"1957",1651833
"1958",1651560
"1959",1984241
"1960",1987274
"1961",1987285
"1962",1984043
"1963",1818608
"1964",604671
"1965",1987403
"1966",2282346
"1967",1987444
"1968",1633532
"1969",1987478
"1970",1987490
"1971",1364858
"1972",1987779
"1973",1364846
"1974",1987796
"1975",1987824
"1976",1987837
"1977",1987843
"1978",1364782
"1979",1987856
"1980",1987879
"1981",1987886
"1982",1987894
"1983",1364724
"1984",1987922
"1985",1987951
"1986",1784085
"1987",1987978
"1988",1927027
"1989",1988010
"1990",1988029
"1991",1364742
"1992",1988085
"1993",1988103
"1994",1988110
"1995",1763135
"1996",1988165
"1997",1989538
"1998",1988265
"1999",2003955
"2000",1988349
"2001",1988424
"2002",1377405
"2003",1988444
"2004",1988465
"2005",1988596
"2006",1027923
"2007",1434782
"2008",1635534
"2009",1416227
"2010",1484753
"2011",1988911
"2012",1377355
"2013",1988935
"2014",1978321
"2015",1988966
"2016",1988984
"2017",1988999
"2018",1989037
"2019",1989157
"2020",1377371
"2021",1989285
"2022",1989279
"2023",1377364
"2024",1989478
"2025",1989591
"2026",1364825
"2027",1989619
"2028",1629613
"2029",1391754
"2030",1989780
"2031",1587010
"2032",1631633
"2033",2146190
"2034",1989986
"2035",1989959
"2036",1989965
"2037",1628320
"2038",1990020
"2039",1990051
"2040",1703174
"2041",1990218
"2042",1948847
"2043",1990240
"2044",1620655
"2045",1621573
"2046",1990271
"2047",1990331
"2048",1990363
"2049",1990390
"2050",1990846
"2051",1990433
"2052",1990454
"2053",1948836
"2054",1990449
"2055",1621314
"2056",1588269
"2057",1948871
"2058",1620646
"2059",1990575
"2060",1990308
"2061",1620651
"2062",1990679
"2063",1990704
"2064",1990601
"2065",1621186
"2066",1990757
"2067",1589825
"2068",1990794
"2069",1621330
"2070",1990975
"2071",1948859
"2072",1991038
"2073",1991058
"2074",1816093
"2075",2236733
"2076",1633923
"2077",1843484
"2078",1685478
"2079",1991346
"2080",1735094
"2081",1991471
"2082",1633835
"2083",1980376
"2084",1991620
"2085",1633900
"2086",1635567
"2087",1635582
"2088",1933210
"2089",1991714
"2090",1843474
"2091",1980394
"2092",1635589
"2093",1991797
"2094",1991811
"2095",1635596
"2096",1815691
"2097",1991875
"2098",1991934
"2099",1991962
"2100",1381985
"2101",1970021
"2102",1813061
"2103",1626621
"2104",1591239
"2105",1668901
"2106",1408946
"2107",1992114
"2108",1992141
"2109",1718172
"2110",1992178
"2111",1400447
"2112",1992417
"2113",1992242
"2114",1400463
"2115",1992407
"2116",1591154
"2117",1992431
"2118",1400452
"2119",1992512
"2120",1400436
"2121",1400420
"2122",1992746
"2123",1393284
"2124",1934009
"2125",1992985
"2126",1734330
"2127",1651033
"2128",1940113
"2129",1994894
"2130",1860378
"2131",1734288
"2132",1993335
"2133",1940051
"2134",1734322
"2135",1403048
"2136",1993595
"2137",1735044
"2138",1652978
"2139",1653009
"2140",1993568
"2141",1809303
"2142",1669096
"2143",1653103
"2144",1653088
"2145",1583036
"2146",1735079
"2147",1994173
"2148",1735070
"2149",1994228
"2150",1617521
"2151",1519682
"2152",1671374
"2153",1180354
"2154",1670405
"2155",1692450
"2156",1994402
"2157",1671383
"2158",1636390
"2159",1994626
"2160",1735062
"2161",1631071
"2162",1636420
"2163",1734339
"2164",1574360
"2165",1634001
"2166",1585043
"2167",1574311
"2168",1623208
"2169",1995832
"2170",1648424
"2171",1507382
"2172",1567002
"2173",1997057
"2174",1703390
"2175",1777727
"2176",1678053
"2177",1381906
"2178",1407366
"2179",1380874
"2180",1622033
"2181",1828171
"2182",1632822
"2183",1632907
"2184",1997982
"2185",2237446
"2186",1627867
"2187",1998262
"2188",1601265
"2189",1606125
"2190",1546413
"2191",1591098
"2192",1651461
"2193",1999563
"2194",1409275
"2195",1999857
"2196",1999901
"2197",1628061
"2198",1987234
"2199",1651809
"2200",1983327
"2201",1651649
"2202",2001966
"2203",2002047
"2204",1409133
"2205",1803177
"2206",2002472
"2207",1981221
"2208",1916487
"2209",1743541
"2210",2002553
"2211",1733592
"2212",1377794
"2213",1636825
"2214",1635195
"2215",2004340
"2216",1651197
"2217",1651127
"2218",1734276
"2219",1519689
"2220",1636442
"2221",1735161
"2222",1977853
"2223",1977871
"2224",1982081
"2225",1622228
"2226",1693690
"2227",1626705
"2228",1626536
"2229",1626413
"2230",1783653
"2231",1364818
"2232",1377800
"2233",433286
"2234",1626788
"2235",936192
"2236",1613320
"2237",1441826
"2238",2009728
"2239",1646528
"2240",1625998
"2241",2009763
"2242",1633486
"2243",1633500
"2244",2009867
"2245",1984018
"2246",577621
"2247",1964485
"2248",1028616
"2249",1450492
"2250",1646547
"2251",1623138
"2252",2011079
"2253",1675551
"2254",2011168
"2255",1586304
"2256",1646776
"2257",1626602
"2258",2011436
"2259",1946360
"2260",1339215
"2261",1629030
"2262",1622511
"2263",1380863
"2264",1619960
"2265",1619925
"2266",1623504
"2267",1619979
"2268",1347179
"2269",2012923
"2270",2012958
"2271",2213694
"2272",1721644
"2273",1626760
"2274",1633251
"2275",1626606
"2276",1994745
"2277",1669134
"2278",1636409
"2279",1992544
"2280",1990191
"2281",1990036
"2282",1992636
"2283",2010379
"2284",2014401
"2285",1649297
"2286",1669077
"2287",2014423
"2288",1403105
"2289",2014458
"2290",1382622
"2291",1969835
"2292",2014508
"2293",1626773
"2294",1570885
"2295",1993819
"2296",1918124
"2297",1416465
"2298",1421448
"2299",1584400
"2300",2028024
"2301",1621996
"2302",2033873
"2303",2045799
"2304",575448
"2305",1497876
"2306",2100601
"2307",1840535
"2308",1994262
"2309",2001807
"2310",1684795
"2311",1629808
"2312",1463046
"2313",1392567
"2314",1659785
"2315",1357861
"2316",1299789
"2317",1334352
"2318",2142109
"2319",1145279
"2320",1654595
"2321",2144126
"2322",1335104
"2323",1486497
"2324",2144261
"2325",2144275
"2326",2144299
"2327",2144318
"2328",1830053
"2329",2144341
"2330",2144356
"2331",2403673
"2332",2144454
"2333",2144550
"2334",1276376
"2335",2144718
"2336",1501807
"2337",2144780
"2338",2005791
"2339",2144873
"2340",2144958
"2341",1983623
"2342",2145002
"2343",2145046
"2344",1436266
"2345",1627987
"2346",2000575
"2347",1703468
"2348",1646318
"2349",2145754
"2350",1989260
"2351",1377420
"2352",1927968
"2353",1988225
"2354",2145995
"2355",1989754
"2356",2146101
"2357",2146133
"2358",2146164
"2359",2146336
"2360",2146358
"2361",1980406
"2362",1990928
"2363",2146510
"2364",2146563
"2365",1634069
"2366",1444070
"2367",2146714
"2368",1938287
"2369",992401
"2370",1453718
"2371",594344
"2372",2147448
"2373",2147460
"2374",565197
"2375",1312647
"2376",1380710
"2377",1970012
"2378",1576054
"2379",1345899
"2380",2148367
"2381",1486712
"2382",1486591
"2383",2148403
"2384",2148656
"2385",1621757
"2386",1994598
"2387",2148797
"2388",1436875
"2389",1950103
"2390",2148951
"2391",1992224
"2392",1486083
"2393",1802969
"2394",1628116
"2395",2149226
"2396",2149308
"2397",2149318
"2398",2149456
"2399",1997938
"2400",1626075
"2401",1626129
"2402",1626478
"2403",1631006
"2404",1621096
"2405",1631047
"2406",2149565
"2407",1576025
"2408",1851097
"2409",1843840
"2410",1621202
"2411",1670385
"2412",1381077
"2413",1381967
"2414",2149745
"2415",1199282
"2416",1405233
"2417",2149830
"2418",2156802
"2419",2156831
"2420",1583898
"2421",2156927
"2422",1603906
"2423",2159812
"2424",2159818
"2425",2159892
"2426",2287428
"2427",2159945
"2428",2159959
"2429",556262
"2430",1971004
"2431",1676522
"2432",1934769
"2433",1583844
"2434",1934754
"2435",2160086
"2436",2160197
"2437",1841913
"2438",2160215
"2439",1294947
"2440",2166046
"2441",1527987
"2442",2166058
"2443",2166072
"2444",1595935
"2445",1339675
"2446",2202235
"2447",1273900
"2448",1771545
"2449",1655193
"2450",1924940
"2451",1273836
"2452",1405120
"2453",2212076
"2454",2212114
"2455",1654326
"2456",1786438
"2457",1683137
"2458",1352604
"2459",1729206
"2460",1712615
"2461",2234132
"2462",1559104
"2463",2234174
"2464",1853038
"2465",1777975
"2466",1855825
"2467",1416416
"2468",1983300
"2469",1627921
"2470",1703455
"2471",1416388
"2472",2234563
"2473",1630112
"2474",1594980
"2475",1626721
"2476",1459514
"2477",2234752
"2478",1334568
"2479",1622999
"2480",2234840
"2481",1340356
"2482",1076839
"2483",1331750
"2484",1331741
"2485",2234888
"2486",1625532
"2487",1436707
"2488",1436736
"2489",1654454
"2490",1403093
"2491",2235169
"2492",1392171
"2493",1630993
"2494",751490
"2495",1924768
"2496",1685886
"2497",2235836
"2498",2235861
"2499",2235903
"2500",2235963
"2501",1636803
"2502",1416192
"2503",2236361
"2504",2236374
"2505",2236389
"2506",1622319
"2507",2236412
"2508",2236430
"2509",2236455
"2510",1678572
"2511",1622899
"2512",1630553
"2513",1915437
"2514",1934130
"2515",2236971
"2516",2236992
"2517",1992448
"2518",2237037
"2519",2237059
"2520",1995821
"2521",1388881
"2522",1989652
"2523",1620642
"2524",1647258
"2525",1678542
"2526",2237264
"2527",2237288
"2528",1924577
"2529",2237335
"2530",2011524
"2531",1989730
"2532",1446384
"2533",1933458
"2534",1622704
"2535",1522976
"2536",2017553
"2537",2254896
"2538",2254881
"2539",2254927
"2540",1769604
"2541",2254985
"2542",2255013
"2543",1603029
"2544",2278085
"2545",1803140
"2546",1746679
"2547",1318632
"2548",2403509
"2549",1981861
"2550",2405431
"2551",1651790
"2552",1653474
"2553",2405454
"2554",2405469
"2555",1583199
"2556",2412319
"2557",2013218
"2558",1785319
"2559",1151233
"2560",1394395
"2561",1940018
"2562",1342991
"2563",1342709
"2564",709878
"2565",1828867
"2566",1479575
"2567",1356116
"2568",1204562
"2569",1669782
"2570",1650043
"2571",1277257
"2572",1651853
"2573",1650778
"2574",1652079
"2575",1842615
"2576",1842633
"2577",1758939
"2578",1297905
"2579",1757666
"2580",1626422
"2581",1440768
"2582",1972143
"2583",1843728
"2584",1454752
"2585",1848690
"2586",1959415
"2587",1770683
"2588",1150049
"2589",1303054
"2590",1852478
"2591",1568505
"2592",1595882
"2593",1694438
"2594",1853563
"2595",1853724
"2596",1853938
"2597",1592784
"2598",1568536
"2599",1855441
"2600",1570688
"2601",1914982
"2602",1584667
"2603",1916522
"2604",1570363
"2605",1917765
"2606",1627309
"2607",1631808
"2608",979532
"2609",1570324
"2610",1518519
"2611",1486039
"2612",1828786
"2613",1491761
"2614",1514654
"2615",1514700
"2616",1932204
"2617",1733546
"2618",1031618
"2619",1622752
"2620",1367987
"2621",1462664
"2622",1635214
"2623",1460107
"2624",1671351
"2625",1463798
"2626",1829785
"2627",1478389
"2628",1633029
"2629",1632148
"2630",1343040
"2631",1622869
"2632",1622335
"2633",1570873
"2634",1606314
"2635",1945180
"2636",1501899
"2637",1654515
"2638",1946349
"2639",1621926
"2640",1423994
"2641",1786644
"2642",1597419
"2643",1789296
"2644",1454290
"2645",1924783
"2646",1955380
"2647",1788648
"2648",1820672
"2649",1956753
"2650",1455565
"2651",1592462
"2652",1621852
"2653",1739965
"2654",1718383
"2655",1434751
"2656",1763117
"2657",1635491
"2658",1669198
"2659",1965267
"2660",1625858
"2661",1274024
"2662",1455006
"2663",1694402
"2664",1799658
"2665",1968297
"2666",1614245
"2667",1586837
"2668",1732185
"2669",1381977
"2670",1576034
"2671",959690
"2672",1502460
"2673",1374210
"2674",1654336
"2675",1799639
"2676",1629968
"2677",1576083
"2678",1940088
"2679",1978371
"2680",1979072
"2681",1979103
"2682",1799050
"2683",1684688
"2684",1646818
"2685",1413524
"2686",1618565
"2687",1983166
"2688",1983448
"2689",1983459
"2690",1983514
"2691",1983595
"2692",1983641
"2693",1631021
"2694",1983869
"2695",1984356
"2696",1980853
"2697",1985287
"2698",1394977
"2699",1416091
"2700",201048
"2701",1651771
"2702",1671231
"2703",1668891
"2704",1989552
"2705",1983416
"2706",1826567
"2707",1991429
"2708",1991456
"2709",1991540
"2710",1991615
"2711",1815671
"2712",1991952
"2713",1635176
"2714",1992601
"2715",1636813
"2716",1992731
"2717",1992795
"2718",1934072
"2719",1651017
"2720",1651101
"2721",1752378
"2722",1993972
"2723",1994017
"2724",1743317
"2725",1994089
"2726",1448906
"2727",1636431
"2728",1994423
"2729",1994689
"2730",1994764
"2731",1989394
"2732",1417531
"2733",1379664
"2734",1676997
"2735",1380303
"2736",1997310
"2737",1382545
"2738",1997421
"2739",1474234
"2740",1323988
"2741",1427708
"2742",1805075
"2743",1420302
"2744",1805457
"2745",1997612
"2746",1409695
"2747",1632088
"2748",1998012
"2749",1970909
"2750",1671691
"2751",2000533
"2752",1651754
"2753",2004168
"2754",1837946
"2755",1992619
"2756",1992969
"2757",1651184
"2758",1914924
"2759",1651387
"2760",1636453
"2761",1651536
"2762",1822236
"2763",1772606
"2764",1652260
"2765",1736582
"2766",1673425
"2767",1624011
"2768",1618811
"2769",1621176
"2770",1994005
"2771",2029536
"2772",1383778
"2773",1623440
"2774",2034268
"2775",1987328
"2776",1340166
"2777",2141776
"2778",992087
"2779",1633010
"2780",1504312
"2781",2005042
"2782",2144803
"2783",1798965
"2784",1631082
"2785",1626498
"2786",1994460
"2787",1388929
"2788",1594711
"2789",1593527
"2790",1387747
"2791",2184018
"2792",805516
"2793",1405294
"2794",1583963
"2795",1992486
"2796",1621730
"2797",2236618
"2798",1989736
"2799",1427440
"2800",1777672
"2801",1682412
"2802",1934911
"2803",2282381
"2804",1955668
"2805",1649776
"2806",1767459
"2807",1777711
"2808",1680741
